Ready Stock K-Snake M11 Wired USB Gaming Mouse Optical Mouse for Laptop Desktop PC,₱130,1,candy00035,https://shopee.ph/Ready-Stock-K-Snake-M11-Wired-USB-Gaming-Mouse-Optical-Mouse-for-Laptop-Desktop-PC-i.290077000.9744204530,https://cf.shopee.ph/file/7ee5d8e5a02418df9be6f034d88e6606
Mouse Wired Gaming Mouse Office Gaming Mouse RGB Lightweight Design Wireless Mouse,₱96 - ₱196,883,zdhf.ph,https://shopee.ph/Mouse-Wired-Gaming-Mouse-Office-Gaming-Mouse-RGB-Lightweight-Design-Wireless-Mouse-i.50096002.5076936513,https://cf.shopee.ph/file/8e016fdc8bde3d337618d6fcae6b87f8
VIVENA 10 inch Wireless Bluetooth Keyboard Mouse Set Lightweight Portable For iPad Phone Colorful,₱266 - ₱519,85,donnazhang,https://shopee.ph/VIVENA-10-inch-Wireless-Bluetooth-Keyboard-Mouse-Set-Lightweight-Portable-For-iPad-Phone-Colorful-i.25717546.3952239780,https://cf.shopee.ph/file/03969fb6ca7e12601a9133439596f54e
JUEXIE M-611 USB computer mouse smallest computer mouse gaming mouse,₱120,2,candy00035,https://shopee.ph/JUEXIE-M-611-USB-computer-mouse-smallest-computer-mouse-gaming-mouse-i.290077000.9444204416,https://cf.shopee.ph/file/fef6b242d0e469d6910aa15266c3ef9f
"(TOP SELLER) Logitech M220 Silent Mouse for Wireless, Noiseless Productivity (ONLINE EXCLUSIVE)",₱690,1.7K,logitechphilippines,https://shopee.ph/(TOP-SELLER)-Logitech-M220-Silent-Mouse-for-Wireless-Noiseless-Productivity-(ONLINE-EXCLUSIVE)-i.55502962.1888855358,https://cf.shopee.ph/file/1a7f60be004adb45e9912ac32b3c0285
【COD】USB Wired Gaming Mouse High configuration With Backlight For PC & Laptop,₱69,19.4K,akk732,https://shopee.ph/%E3%80%90COD%E3%80%91USB-Wired-Gaming-Mouse-High-configuration-With-Backlight-For-PC-Laptop-i.168092550.6118088948,https://cf.shopee.ph/file/2813b661ce4e1641ed5f362fd5c39ab4
Gaming Mouse Ergonomic Wired Mouse Mouse Gamer Mice Silent Mouse with Backlight for PC,₱55,272,circuitrocks,https://shopee.ph/Gaming-Mouse-Ergonomic-Wired-Mouse-Mouse-Gamer-Mice-Silent-Mouse-with-Backlight-for-PC-i.20469516.827114598,https://cf.shopee.ph/file/322669c5d9a7bf3062b73a01c6534565
Lenovo M20 USB Wired mini Mouse 1200 DPI Optical Mouse For Computer Laptop,₱55,38,xpo.shop.ph7777,https://shopee.ph/Lenovo-M20-USB-Wired-mini-Mouse-1200-DPI-Optical-Mouse-For-Computer-Laptop-i.58893952.9040304566,https://cf.shopee.ph/file/ed23b403aa2960593afea4baaa80be5c
COD Logitech G102 Prodigy Programmable RGB Lights Gaming Mouse,₱208 - ₱218,6.2K,qbvypp,https://shopee.ph/COD-Logitech-G102-Prodigy-Programmable-RGB-Lights-Gaming-Mouse-i.80754674.5102883879,https://cf.shopee.ph/file/31d13e71723cfe9367cae012097278eb
Logitech G102 Black Wired RGB Gaming Mouse 8000DPI Lightweight Design Mouse,₱179 - ₱180,1.9K,yyhnjmph,https://shopee.ph/Logitech-G102-Black-Wired-RGB-Gaming-Mouse-8000DPI-Lightweight-Design-Mouse-i.71564309.4463569783,https://cf.shopee.ph/file/ef6cccc206260ca6065f08be6d5db836
